"","Levene Statistic","df1","df2","Sig."
"1",2.75649516211446,3,62,0.049789665180798
