"","Statistc","df1","df2","Sig."
"Welch",38.2716329259,3,29.7125415409878,2.49026464382735e-10
"Brown-Forsythe",21.3357188230014,3,33.9815641789048,5.97239786307603e-08
